channel,target,feature,band,ftype,mean_abs_shap,frac
AE,RPM,AE_20-500kHz__center_frequency,20-500kHz,spectral,7.897512577535972,0.005256950042956325
AE,RPM,AE_20-500kHz__complexity,20-500kHz,complexity,8.295166790935854,0.00552164709961698
AE,RPM,AE_20-500kHz__crest_factor,20-500kHz,shape,4.272140057790156,0.0028437342314841163
AE,RPM,AE_20-500kHz__dominant_frequency,20-500kHz,spectral,7.251227309956923,0.004826752644496247
AE,RPM,AE_20-500kHz__margin_factor,20-500kHz,shape,17.088459523113922,0.011374869889997587
AE,RPM,AE_20-500kHz__mobility,20-500kHz,complexity,16.02319380980507,0.010665779707188901
AE,RPM,AE_20-500kHz__rms,20-500kHz,amplitude,48.35666412181673,0.03218843465415819
AE,RPM,AE_20-500kHz__shape_factor,20-500kHz,shape,72.03743506720286,0.047951452264625494
AE,RPM,AE_20-500kHz__skewness,20-500kHz,shape,3.7196842781144883,0.002475994084674044
AE,RPM,AE_20-500kHz__spectral_bandwidth,20-500kHz,spectral,2.294725628592676,0.001527475628986841
AE,RPM,AE_20-500kHz__spectral_flatness,20-500kHz,spectral,1.6201924571933437,0.0010784751178069608
AE,RPM,AE_20-500kHz__spectral_kurtosis,20-500kHz,spectral,3.3432947215327093,0.0022254517681896
AE,RPM,AE_20-500kHz__spectral_skewness,20-500kHz,spectral,4.068781655191888,0.0027083694627953857
AE,RPM,AE_500-1000kHz__center_frequency,500-1000kHz,spectral,12.4927239716412,0.008315735514770262
AE,RPM,AE_500-1000kHz__complexity,500-1000kHz,complexity,104.57525398083993,0.06961013110260426
AE,RPM,AE_500-1000kHz__crest_factor,500-1000kHz,shape,68.00229975010022,0.04526547936235813
AE,RPM,AE_500-1000kHz__dominant_frequency,500-1000kHz,spectral,8.123180215556564,0.00540716487170641
AE,RPM,AE_500-1000kHz__kurtosis,500-1000kHz,shape,7.068376953123857,0.004705038980634243
AE,RPM,AE_500-1000kHz__margin_factor,500-1000kHz,shape,12.653158910672854,0.008422528438662926
AE,RPM,AE_500-1000kHz__mobility,500-1000kHz,complexity,340.3182705849342,0.2265315983489668
AE,RPM,AE_500-1000kHz__rms,500-1000kHz,amplitude,17.20456068959148,0.01145215220213186
AE,RPM,AE_500-1000kHz__shape_factor,500-1000kHz,shape,7.7985209377759945,0.005191056624012143
AE,RPM,AE_500-1000kHz__skewness,500-1000kHz,shape,6.85190740079232,0.004560946823609397
AE,RPM,AE_500-1000kHz__spectral_bandwidth,500-1000kHz,spectral,5.351245540983363,0.003562036805938116
AE,RPM,AE_500-1000kHz__spectral_kurtosis,500-1000kHz,spectral,3.37949514274957,0.0022495484447067502
AE,RPM,AE_500-1000kHz__spectral_skewness,500-1000kHz,spectral,3.4532243504992923,0.002298626019201474
AE,RPM,AE__center_frequency,broadband,spectral,21.79419190067788,0.014507223245754321
AE,RPM,AE__complexity,broadband,complexity,12.118012830877493,0.00806631042956849
AE,RPM,AE__crest_factor,broadband,shape,5.9607916456165055,0.003967778916441322
AE,RPM,AE__kurtosis,broadband,shape,25.862813612925454,0.01721548624312028
AE,RPM,AE__margin_factor,broadband,shape,5.290867375731969,0.0035218463035114685
AE,RPM,AE__mobility,broadband,complexity,40.51332453681798,0.026967544663357487
AE,RPM,AE__rms,broadband,amplitude,582.7164097512738,0.3878830233188522
AE,RPM,AE__shape_factor,broadband,shape,4.992054216658942,0.00332294242915829
AE,RPM,AE__spectral_kurtosis,broadband,spectral,3.4275325209298706,0.0022815243478546284
AE,RPM,AE__spectral_skewness,broadband,spectral,6.082644721951347,0.004048889966102058
AE,Temp,AE_20-500kHz__center_frequency,20-500kHz,spectral,0.3581336691532248,0.012910590646178405
AE,Temp,AE_20-500kHz__complexity,20-500kHz,complexity,0.5653605648595263,0.02038104609837915
AE,Temp,AE_20-500kHz__crest_factor,20-500kHz,shape,0.3023435683335307,0.01089937747123415
AE,Temp,AE_20-500kHz__dominant_frequency,20-500kHz,spectral,3.988242554037226,0.14377471722943153
AE,Temp,AE_20-500kHz__margin_factor,20-500kHz,shape,0.19678885449847366,0.007094167800998221
AE,Temp,AE_20-500kHz__mobility,20-500kHz,complexity,1.693999097094895,0.06106806140092591
AE,Temp,AE_20-500kHz__rms,20-500kHz,amplitude,0.3934988446165227,0.014185492569296852
AE,Temp,AE_20-500kHz__shape_factor,20-500kHz,shape,1.1029875564072456,0.03976230680090006
AE,Temp,AE_20-500kHz__skewness,20-500kHz,shape,0.4521625660036416,0.016300298737623106
AE,Temp,AE_20-500kHz__spectral_bandwidth,20-500kHz,spectral,0.12180496321793685,0.004391025346758968
AE,Temp,AE_20-500kHz__spectral_flatness,20-500kHz,spectral,0.058498692940693826,0.0021088569518736182
AE,Temp,AE_20-500kHz__spectral_kurtosis,20-500kHz,spectral,0.12089782818230042,0.004358323453263169
AE,Temp,AE_20-500kHz__spectral_skewness,20-500kHz,spectral,0.13571073245335494,0.00489232335273308
AE,Temp,AE_500-1000kHz__center_frequency,500-1000kHz,spectral,1.3527030088737657,0.04876445952349456
AE,Temp,AE_500-1000kHz__complexity,500-1000kHz,complexity,1.7283840127324348,0.06230762530802598
AE,Temp,AE_500-1000kHz__crest_factor,500-1000kHz,shape,0.7577536832802032,0.027316749186402305
AE,Temp,AE_500-1000kHz__dominant_frequency,500-1000kHz,spectral,2.588074087531668,0.09329914493967145
AE,Temp,AE_500-1000kHz__kurtosis,500-1000kHz,shape,0.6292626166314481,0.02268469220299939
AE,Temp,AE_500-1000kHz__margin_factor,500-1000kHz,shape,0.6106852713806521,0.0220149855529856
AE,Temp,AE_500-1000kHz__mobility,500-1000kHz,complexity,4.501594651516719,0.16228087668543958
AE,Temp,AE_500-1000kHz__rms,500-1000kHz,amplitude,1.2180444950186755,0.043910068274784574
AE,Temp,AE_500-1000kHz__shape_factor,500-1000kHz,shape,0.5497972626766485,0.019819994622652236
AE,Temp,AE_500-1000kHz__skewness,500-1000kHz,shape,0.2647618237535961,0.00954456902446625
AE,Temp,AE_500-1000kHz__spectral_bandwidth,500-1000kHz,spectral,0.10190837844923195,0.003673760584098983
AE,Temp,AE_500-1000kHz__spectral_kurtosis,500-1000kHz,spectral,0.086726327571802,0.0031264530815360483
AE,Temp,AE_500-1000kHz__spectral_skewness,500-1000kHz,spectral,0.22100031495870204,0.00796698228863693
AE,Temp,AE__center_frequency,broadband,spectral,0.15806689639211766,0.005698255064528466
AE,Temp,AE__complexity,broadband,complexity,0.16372473034034798,0.0059022179542013746
AE,Temp,AE__crest_factor,broadband,shape,0.07843349817532354,0.002827499548656343
AE,Temp,AE__kurtosis,broadband,shape,0.2907631675478443,0.010481908165943245
AE,Temp,AE__margin_factor,broadband,shape,0.162320676071161,0.005851602300115144
AE,Temp,AE__mobility,broadband,complexity,1.6611671011556108,0.059884479693371524
AE,Temp,AE__rms,broadband,amplitude,0.5563622162628459,0.02005665885074047
AE,Temp,AE__shape_factor,broadband,shape,0.3771503931195406,0.013596136741693458
AE,Temp,AE__spectral_kurtosis,broadband,spectral,0.08812817359924173,0.0031769891292973166
AE,Temp,AE__spectral_skewness,broadband,spectral,0.1022840502097,0.0036873034166625893
US,RPM,US_0-10kHz__crest_factor,0-10kHz,shape,5.079592795847517,0.0035584887710018425
US,RPM,US_0-10kHz__dominant_frequency,0-10kHz,spectral,6.49556418307837,0.004550441961745786
US,RPM,US_0-10kHz__kurtosis,0-10kHz,shape,5.968677659480589,0.004181333678233845
US,RPM,US_0-10kHz__margin_factor,0-10kHz,shape,3.0860428293359017,0.0021619151763503323
US,RPM,US_0-10kHz__mobility,0-10kHz,complexity,14.71144968569655,0.0103060482632595
US,RPM,US_0-10kHz__rms,0-10kHz,amplitude,65.33912208600489,0.045773065203226285
US,RPM,US_0-10kHz__shape_factor,0-10kHz,shape,11.676130287485023,0.008179667187246959
US,RPM,US_0-10kHz__skewness,0-10kHz,shape,3.017489257714517,0.0021138902411574584
US,RPM,US_10-20kHz__center_frequency,10-20kHz,spectral,4.8664642132830505,0.0034091823800535
US,RPM,US_10-20kHz__complexity,10-20kHz,complexity,10.640842739931198,0.007454400564351521
US,RPM,US_10-20kHz__crest_factor,10-20kHz,shape,9.014406910499469,0.006315007335721229
US,RPM,US_10-20kHz__kurtosis,10-20kHz,shape,24.331538846656503,0.01704536391928953
US,RPM,US_10-20kHz__margin_factor,10-20kHz,shape,15.713484094209369,0.011008019530280206
US,RPM,US_10-20kHz__mobility,10-20kHz,complexity,71.19372772348073,0.049874486174732696
US,RPM,US_10-20kHz__rms,10-20kHz,amplitude,251.3788180144593,0.17610244307445896
US,RPM,US_10-20kHz__shape_factor,10-20kHz,shape,70.30053069751345,0.049248760508337715
US,RPM,US_10-20kHz__spectral_bandwidth,10-20kHz,spectral,4.065847678521456,0.002848313612943558
US,RPM,US_10-20kHz__spectral_flatness,10-20kHz,spectral,3.8321740578903634,0.0026846144763169283
US,RPM,US_20-100kHz__center_frequency,20-100kHz,spectral,4.140922811051056,0.0029009072020018097
US,RPM,US_20-100kHz__complexity,20-100kHz,complexity,24.985716042802547,0.017503645183219618
US,RPM,US_20-100kHz__crest_factor,20-100kHz,shape,19.872649583805256,0.013921706569045279
US,RPM,US_20-100kHz__dominant_frequency,20-100kHz,spectral,33.28965192530127,0.023320934832332278
US,RPM,US_20-100kHz__mobility,20-100kHz,complexity,9.020058760254443,0.0063189667168560525
US,RPM,US_20-100kHz__rms,20-100kHz,amplitude,7.5588138874221,0.005295297363692807
US,RPM,US_20-100kHz__spectral_bandwidth,20-100kHz,spectral,3.1093776519658465,0.0021782622946409677
US,RPM,US_20-100kHz__spectral_flatness,20-100kHz,spectral,1.562171271503682,0.0010943729451250283
US,RPM,US_20-100kHz__spectral_skewness,20-100kHz,spectral,1.3616900494496227,0.0009539266128797943
US,RPM,US__complexity,broadband,complexity,11.027074167286974,0.0077249734729470864
US,RPM,US__crest_factor,broadband,shape,3.0896082875328634,0.002164412944078434
US,RPM,US__dominant_frequency,broadband,spectral,3.043992523160808,0.0021324569996115225
US,RPM,US__kurtosis,broadband,shape,12.133209024003826,0.008499871899856109
US,RPM,US__margin_factor,broadband,shape,3.1450849461603285,0.0022032768992639594
US,RPM,US__rms,broadband,amplitude,687.3981343725602,0.4815540616507718
US,RPM,US__shape_factor,broadband,shape,15.566766258999147,0.01090523692740541
US,RPM,US__skewness,broadband,shape,6.441043094730357,0.004512247427564266
US,Temp,US_0-10kHz__crest_factor,0-10kHz,shape,0.11223282688625087,0.004383363849832024
US,Temp,US_0-10kHz__dominant_frequency,0-10kHz,spectral,1.0546973580815995,0.04119224651281221
US,Temp,US_0-10kHz__kurtosis,0-10kHz,shape,0.13820515811647255,0.0053977388858079175
US,Temp,US_0-10kHz__margin_factor,0-10kHz,shape,0.09551955487743194,0.0037306105122535587
US,Temp,US_0-10kHz__mobility,0-10kHz,complexity,4.364831711616155,0.1704728114412535
US,Temp,US_0-10kHz__rms,0-10kHz,amplitude,0.5264354696174837,0.020560456960861874
US,Temp,US_0-10kHz__shape_factor,0-10kHz,shape,0.7903248056841456,0.03086691549142291
US,Temp,US_0-10kHz__skewness,0-10kHz,shape,0.21276584017400924,0.0083097799295666
US,Temp,US_10-20kHz__center_frequency,10-20kHz,spectral,0.11401749241608301,0.004453065723914159
US,Temp,US_10-20kHz__complexity,10-20kHz,complexity,0.4266248473035627,0.016662254573751947
US,Temp,US_10-20kHz__crest_factor,10-20kHz,shape,0.2501569915064785,0.009770128257248462
US,Temp,US_10-20kHz__kurtosis,10-20kHz,shape,0.12151294960017689,0.0047458082037237425
US,Temp,US_10-20kHz__margin_factor,10-20kHz,shape,0.5228349867809515,0.020419836549299124
US,Temp,US_10-20kHz__mobility,10-20kHz,complexity,7.367013574509268,0.287725987838249
US,Temp,US_10-20kHz__rms,10-20kHz,amplitude,0.5029865889534524,0.019644637777888666
US,Temp,US_10-20kHz__shape_factor,10-20kHz,shape,1.2593332460054283,0.049184503131392276
US,Temp,US_10-20kHz__spectral_bandwidth,10-20kHz,spectral,0.06061748159395516,0.002367475584982809
US,Temp,US_10-20kHz__spectral_flatness,10-20kHz,spectral,0.06817726749711803,0.002662730486420682
US,Temp,US_20-100kHz__center_frequency,20-100kHz,spectral,0.0752666417460795,0.0029396129963152507
US,Temp,US_20-100kHz__complexity,20-100kHz,complexity,1.0535179293578356,0.041146182759678386
US,Temp,US_20-100kHz__crest_factor,20-100kHz,shape,0.5196050707385833,0.020293688989704472
US,Temp,US_20-100kHz__dominant_frequency,20-100kHz,spectral,2.245276404245301,0.08769148649551985
US,Temp,US_20-100kHz__mobility,20-100kHz,complexity,0.5573938510554848,0.02176956710991105
US,Temp,US_20-100kHz__rms,20-100kHz,amplitude,0.3690770603687832,0.014414668944073302
US,Temp,US_20-100kHz__spectral_bandwidth,20-100kHz,spectral,0.052698070058062305,0.0020581751494377068
US,Temp,US_20-100kHz__spectral_flatness,20-100kHz,spectral,0.030864471618534166,0.0012054424083425001
US,Temp,US_20-100kHz__spectral_skewness,20-100kHz,spectral,0.028373887457431933,0.0011081701852361145
US,Temp,US__complexity,broadband,complexity,0.7639289170621902,0.029835998003378723
US,Temp,US__crest_factor,broadband,shape,0.10370168005904631,0.004050171488582156
US,Temp,US__dominant_frequency,broadband,spectral,0.4036253353087201,0.015763985927768818
US,Temp,US__kurtosis,broadband,shape,0.18956923764950884,0.007403813718380722
US,Temp,US__margin_factor,broadband,shape,0.08228166808227079,0.0032135917750806234
US,Temp,US__rms,broadband,amplitude,0.9075961565413957,0.03544706386895265
US,Temp,US__shape_factor,broadband,shape,0.0958662477222595,0.003744150943562063
US,Temp,US__skewness,broadband,shape,0.13733816273765903,0.00536387752539405
