sensor,feature,marg_rpm,marg_temp,marg_kappa,cond_rpm,cond_rpm_lo,cond_rpm_hi,cond_temp,cond_temp_lo,cond_temp_hi
AE,AE__rms,0.8659069700287784,0.0656682229285566,0.5952256084234522,0.8610691526783089,0.7915036274817371,0.8966641257207008,0.29351921820935034,0.012448097455087646,0.6307011744318137
AE,AE__skewness,0.05958913579398413,0.17808459096765458,-0.09719381252740843,0.07874262950212266,-0.2597598572557442,0.18308411872444968,0.21747413194027354,-0.04003195473827709,0.32856638529335325
AE,AE__kurtosis,0.36962757171230604,-0.18512322073048484,0.48467459814792047,0.3651250197877071,0.2552057480471776,0.4789051328969703,-0.4258247438382373,-0.5025471464943629,-0.012864850267384653
AE,AE__crest_factor,0.3893650505191688,-0.18656134850373868,0.4969673351761361,0.3764863287463306,0.2979009988475013,0.5251438940602012,-0.322150683154217,-0.45048472293201053,-0.022386396876400632
AE,AE__shape_factor,0.7355717931852307,-0.14854645534351135,0.6983496163240687,0.7318102142312902,0.6653947410153077,0.7797794752102898,0.021655000690146246,-0.3639598898481963,0.20384816116763843
AE,AE__margin_factor,0.4995314290060677,-0.20697135895107974,0.582761476329438,0.4960233593361839,0.400968818405061,0.6344517835157631,-0.3162334114533841,-0.4460157388107226,-0.0023198425583052847
AE,AE__mobility,-0.8300610885268567,-0.15351869040284977,-0.5267272352798799,-0.8113072375091878,-0.857549444102746,-0.7083021288110379,-0.4681707351649494,-0.6868042443194268,-0.33960282800290575
AE,AE__complexity,0.825344657895659,0.10532987097420485,0.5602695973198434,0.8190342623929708,0.7382086995158107,0.8537193735310791,0.4179625328143999,0.2765237967797988,0.5128759234566473
AE,AE__dominant_frequency,0.5739885030079673,0.25003885663912967,0.21279446633017002,0.4969488702972559,0.29304451046667046,0.6861726957570683,0.4979434725956219,0.2623882941304414,0.5234169479773971
AE,AE__center_frequency,-0.8291070538186547,-0.09352855846959934,-0.5710349501874292,-0.7976963837885052,-0.8512077872545126,-0.742504205475409,-0.403302130319536,-0.5135577151861973,-0.244573288025117
AE,AE__spectral_bandwidth,-0.08566349941891659,0.024949856617457383,-0.051246860904418975,-0.06507878563055902,-0.09167436146144947,-0.030475167876642333,0.02513092723277468,-0.04363237902932036,0.07484155242908198
AE,AE__spectral_skewness,0.5074952404831801,0.10211865737526554,0.2798150647040386,0.407598210723704,0.2898714430948106,0.5477337125866812,0.06657824509503482,0.024020887651263888,0.34781585705199003
AE,AE__spectral_kurtosis,0.43765338840658874,0.0849902430177621,0.22474241549058183,0.35969287851101944,0.2003813308623142,0.5198974188376667,0.0716924412347713,-0.00780802421849983,0.31371527547296435
AE,AE__spectral_flatness,-0.0700115172108481,0.05154378946323672,-0.08981672508145289,-0.10353723836507056,-0.13348192867224262,-0.055026581054087295,0.04205880891480907,-0.013250715417959361,0.07879281798411217
AE,AE_20-500kHz__rms,0.8658961009089029,0.06533578114748752,0.5973968499007161,0.8594201406695327,0.7885594780289921,0.8979288052391344,0.2772749935337316,0.051060704116534614,0.6087982801287001
AE,AE_20-500kHz__skewness,-0.03527318352957929,0.2535272936994552,-0.20484023924515768,-0.04337371179231427,-0.32419160455984275,0.06907832015804766,0.21162368232986548,0.0005634148413052259,0.3526629665557669
AE,AE_20-500kHz__kurtosis,0.31367614682676737,-0.15517930637819408,0.4289098588088597,0.291867239197517,0.20045503476160959,0.43355186995637274,-0.3956300082858303,-0.4584023139221191,0.024621545954930796
AE,AE_20-500kHz__crest_factor,0.2599896661477507,-0.10800145368031204,0.36264215619836815,0.26438945142688397,0.1516580992667555,0.4071448656589548,-0.25599957317657995,-0.31748501797290973,0.005731889538939485
AE,AE_20-500kHz__shape_factor,0.5926305207710021,-0.15723129458102464,0.626707631352683,0.587625581223189,0.5134651175096913,0.6966328166952979,-0.14748137753129373,-0.4566698748233162,0.19266009515079668
AE,AE_20-500kHz__margin_factor,0.3589010967954392,-0.1449846109945792,0.45679637008971014,0.34477418153356026,0.24917308699604473,0.5041804380867796,-0.22133739891826248,-0.3936489168307551,0.03106195088870353
AE,AE_20-500kHz__mobility,-0.8115290312423862,-0.15221891616515146,-0.5246458843475206,-0.8261483485958204,-0.8607013996811004,-0.7558500421520835,-0.5607400847125807,-0.6472817116973619,-0.4153751192185519
AE,AE_20-500kHz__complexity,0.6711525086853256,0.0530900367710979,0.518271366532828,0.6846549700243276,0.5952376090761813,0.7611512089217002,0.27742207145817904,0.03956410965912664,0.43012023747417216
AE,AE_20-500kHz__dominant_frequency,-0.5640349439051004,-0.1826437538699834,-0.3718152432615222,-0.6150106658229849,-0.6976246743326848,-0.5161501915415047,-0.43438643392646836,-0.4972656349341566,-0.2663963370623442
AE,AE_20-500kHz__center_frequency,-0.7996284058040345,-0.10244220384545906,-0.5560191601487136,-0.807375102494736,-0.8387362938253252,-0.7514008314188909,-0.43835445410033774,-0.47744491858238236,-0.3389828236895458
AE,AE_20-500kHz__spectral_bandwidth,-0.2513975500471192,0.054338162634057205,-0.23637062987296184,-0.22753142683848207,-0.27023837527188344,-0.1676585186380506,0.004302175682280526,-0.029870124027256976,0.06970529173184657
AE,AE_20-500kHz__spectral_skewness,0.5133177895770958,-0.006865679711411866,0.3681826373801667,0.43945443991772787,0.352948815528749,0.5601264759418536,0.07291617767906836,-0.1322572007643274,0.2301349299590572
AE,AE_20-500kHz__spectral_kurtosis,0.48932370566593414,-0.04099969650090647,0.3861316958566981,0.43821223931905795,0.3766310204928949,0.5197559403855622,0.04072157730922512,-0.10350424341544621,0.1270484974330847
AE,AE_20-500kHz__spectral_flatness,-0.25184181275542755,0.0451657378007591,-0.24093938924944375,-0.2442610960038029,-0.2723815550357759,-0.18813529799977186,0.003400929958413281,-0.05104011671347058,0.10244895480746075
AE,AE_500-1000kHz__rms,0.6052555395644615,-0.20434634410980734,0.6118651515955466,0.6485987153684175,0.5201203465774018,0.7963346102489081,-0.1259429281275324,-0.2614284380347218,-0.03552534327496091
AE,AE_500-1000kHz__skewness,0.4950741266857855,-0.04283853708262403,0.3685149937531323,0.44377596703820926,0.32891647278018293,0.49140716428015496,0.0073131272333408015,-0.0098225849876752,0.09868768892316643
AE,AE_500-1000kHz__kurtosis,0.5854124230656197,-0.11051494141418193,0.4680397487164594,0.49336708766108783,0.3759953239661449,0.572118935047062,-0.03790703668742717,-0.13646205470152706,0.2137530681890443
AE,AE_500-1000kHz__crest_factor,0.6481272612004496,-0.1463076123945868,0.5512824069127588,0.586738602923664,0.4979432948814102,0.6464800342661463,-0.05036749692265413,-0.14929794622302428,0.07460900921960033
AE,AE_500-1000kHz__shape_factor,-0.3077768392541867,-0.0034617235244435393,-0.2851963958516013,-0.25643008072382983,-0.44627177026204257,-0.1287993411613955,-0.06073002591983227,-0.25448576857929756,0.21468630319362467
AE,AE_500-1000kHz__margin_factor,0.5971037637911576,-0.147492768701379,0.507821945643602,0.503239400666236,0.42660440529122284,0.5924597723141332,-0.028481304909402802,-0.19865596754992074,0.07648771458278596
AE,AE_500-1000kHz__mobility,0.8774744632889456,-0.30988369420446227,0.8455976419219166,0.8905452333062519,0.8180503959043133,0.9313107022100495,-0.49722997508242883,-0.5661802194522979,-0.39972301506583596
AE,AE_500-1000kHz__complexity,-0.6893946192216274,0.17859951249770115,-0.6775068960939182,-0.6776351716618947,-0.7707443963449969,-0.5743607041534068,0.14857379298660867,0.09178975311533691,0.2937933885137042
AE,AE_500-1000kHz__dominant_frequency,0.6306552785948765,-0.2569173355661646,0.6707241055748111,0.6047256201846682,0.449183362601752,0.7327050479421492,-0.2567448938773264,-0.31425412396235,-0.22458801195256972
AE,AE_500-1000kHz__center_frequency,0.7457529700309914,-0.32410538992365223,0.7959771275708216,0.7402555728063579,0.6300067252520187,0.7964627029595065,-0.3925934633016286,-0.48409082661282943,-0.34674395432406874
AE,AE_500-1000kHz__spectral_bandwidth,-0.1175759785963037,0.03780245499467726,-0.12616254415033193,-0.13274262464872097,-0.1927177568134933,-0.07058208902224941,0.010709709292527847,-0.037620007113930556,0.049773877987037585
AE,AE_500-1000kHz__spectral_skewness,0.1773735627347093,-0.04050782153649554,0.19088787441985966,0.17096564259059996,0.09351080304308733,0.24218708681579176,-0.01209070771313029,-0.061189956895415384,0.038990452912958384
AE,AE_500-1000kHz__spectral_kurtosis,0.2665363396602179,-0.07481606637335626,0.28870724321988367,0.24631066877662422,0.15634143232951,0.3673834056102596,-0.029764574187912483,-0.10263397947762332,0.031355918915907374
AE,AE_500-1000kHz__spectral_flatness,0.024323928415814183,0.006542410445645193,0.01675229375839077,0.013659568177747819,-0.03698539428353127,0.05590808054872269,-0.004262210392895511,-0.03420744963482322,0.04494257313179284
US,US__rms,0.906070338556901,0.08648198582986136,0.607828898431477,0.9096880945560121,0.8508429859647206,0.9314414296960183,0.6232244024646858,0.572901092916244,0.660537249968242
US,US__skewness,-0.21592825200624435,0.23172383302694236,-0.3005885082056039,-0.1681336705071793,-0.26059971687548633,-0.08528829229619161,0.17388951530503322,0.0836438492277319,0.275972869884965
US,US__kurtosis,-0.7603125840470497,-0.06599924181668726,-0.4564150720495425,-0.6998260549485921,-0.7669526646627352,-0.5862586293306495,-0.5275319389538142,-0.5988023433388999,-0.46003397063254164
US,US__crest_factor,-0.6120278643635689,-0.08586390651364596,-0.32787021216366746,-0.5728103876209742,-0.6885921831731268,-0.4088055876428668,-0.5258334007910244,-0.5954746689088668,-0.41620399633006694
US,US__shape_factor,-0.48968482409906644,-0.038654938106818845,-0.25731983849859436,-0.4933237224312054,-0.604155476062135,-0.25616925915842637,-0.43060645759052074,-0.494152132893865,-0.26365919062223886
US,US__margin_factor,-0.5875469404489334,-0.06542456871823861,-0.31772746800744445,-0.5632915005562391,-0.6875073113438608,-0.36452844225945225,-0.4970499484518528,-0.60410792403545,-0.3654095213425902
US,US__mobility,-0.32517014715911335,-0.5535771162714763,0.09137173715192518,-0.4735434185162484,-0.5311797178017643,-0.37304557922029014,-0.7685456433161382,-0.7880625934997731,-0.6926217029800006
US,US__complexity,-0.31752072643965107,0.36725268636136527,-0.5377562971660915,-0.3567296078298897,-0.5040292444285123,0.0017197573785643627,0.5565846902830647,0.254502173724911,0.7085248597157146
US,US__dominant_frequency,0.13673726638497097,-0.2861126869324894,0.31130475055122303,0.11592423292877137,-0.05288573402963905,0.24038861793615313,-0.400468478072023,-0.45743174789199453,-0.34559768853864564
US,US__center_frequency,0.03109725718683211,0.05918414174393573,-0.016589350961388756,0.04143585598695297,-0.014987998357852871,0.07898448851115372,0.07813975973136947,0.007860791400149104,0.14770697506181238
US,US__spectral_bandwidth,0.07328291753897434,0.05541525446846486,0.021129794535929256,0.08621871021081447,0.031111653627271328,0.12182793133855793,0.07851027588137005,0.01332272269138325,0.15089806868228456
US,US__spectral_skewness,-0.07128148946932118,-0.05558945182269189,-0.0193293249292132,-0.08431536586658818,-0.1197602447744759,-0.026292244950875066,-0.07847958867511347,-0.15095388102996976,-0.012820581575034516
US,US__spectral_kurtosis,-0.07163717472823333,-0.055554511143538224,-0.019655970191882925,-0.08466410273034788,-0.12045916326157019,-0.026744290694586857,-0.07841928370095641,-0.15095908943426414,-0.012973107375489564
US,US__spectral_flatness,0.0634038813365489,0.056207738329795254,0.01224485381415091,0.07807167466672611,0.017853613662159366,0.11492624634093648,0.0786431220987116,0.012168887686610216,0.14971279955922953
US,US_0-10kHz__rms,0.9047559276820243,0.09157978688226745,0.6038306322324466,0.9103424121139458,0.8507443659939182,0.9307190206141811,0.6338606169512548,0.5860301667288168,0.6699669129912009
US,US_0-10kHz__skewness,-0.21460563545828443,0.20556368158248345,-0.2801316482715743,-0.18460111544891636,-0.2704392999179406,-0.09242396625624755,0.1390510086099537,0.0961401829906979,0.24755869100015399
US,US_0-10kHz__kurtosis,-0.7694217958992398,-0.06554335985229089,-0.468242827219346,-0.7252186678350285,-0.7749019297677704,-0.6505493366688344,-0.5168517142419753,-0.5841239025403536,-0.4292362338319348
US,US_0-10kHz__crest_factor,-0.5663583674583458,-0.09638391331566516,-0.28704913303328033,-0.5430028959960208,-0.6578217508498283,-0.3319490201853088,-0.5056376043353231,-0.5978257009617652,-0.4015718680483617
US,US_0-10kHz__shape_factor,-0.4721931808825474,-0.03937187092829825,-0.2437584376667361,-0.4822387185970887,-0.5864573915551284,-0.23746487796255902,-0.40661337006481535,-0.4899997811409527,-0.25922587687888793
US,US_0-10kHz__margin_factor,-0.5440453621076576,-0.07544001227565396,-0.27954987983158797,-0.5491648810981602,-0.651854033684094,-0.32712590481979054,-0.4994383941956692,-0.6088236651323582,-0.3654500983284637
US,US_0-10kHz__mobility,-0.027176987190787743,-0.5930614828343043,0.37280716466121033,-0.1594904353636269,-0.29401425347359655,0.0497474975491215,-0.7938524264224355,-0.828560896830593,-0.6987459359818634
US,US_0-10kHz__complexity,0.14555547985932282,-0.45705701810279725,0.3672245040194474,0.06549486257645883,-0.02708680488481104,0.2787273782181241,-0.5949182956239714,-0.6754025274099502,-0.537038556358205
US,US_0-10kHz__dominant_frequency,0.1368936927910075,-0.2852635551561449,0.31132594356653415,0.12138645307122595,-0.05456556972121662,0.24079445735129368,-0.4016781522386612,-0.4569200624409973,-0.3421873504300753
US,US_0-10kHz__center_frequency,-0.014194049429972221,0.06114609622480923,-0.05612625125199389,-0.0005001385417076485,-0.06741589851610305,0.07551169174688388,0.06893905441742605,0.047865374546478476,0.15509874663441012
US,US_0-10kHz__spectral_bandwidth,-0.01384822598159256,0.06269884435904603,-0.05686403162583722,-0.00047463147608055854,-0.06758999858269465,0.07636090371952375,0.07113421201902127,0.049844469367283345,0.15729414011974646
US,US_0-10kHz__spectral_skewness,0.013845434551094786,-0.06266463162941346,0.05683871261507327,0.0004441230250363919,-0.07639513220442709,0.06758999858269465,-0.07100257857674903,-0.1571537911648735,-0.04983377430723794
US,US_0-10kHz__spectral_kurtosis,0.013845046608721248,-0.06265935174585645,0.05683483901220475,0.0004441230250363919,-0.07639407403830462,0.06758999858269465,-0.07100257857674903,-0.15712526038230618,-0.04983126796287092
US,US_0-10kHz__spectral_flatness,-0.013755870987979507,0.062430140379999416,-0.056625501294153044,-0.0006911914646399702,-0.06695536837979862,0.07647372534023936,0.07061542652326677,0.04951146421086283,0.15682719721666014
US,US_10-20kHz__rms,0.8799405952359605,-0.04254967499167371,0.6863453603716086,0.8530811675268958,0.7859334626540246,0.9002001166746765,0.08463512991886937,0.01539692073300335,0.21133464395463167
US,US_10-20kHz__skewness,-0.05486081136330508,0.15971372925118307,-0.14334648703000694,-0.04336205505374469,-0.07841429279188554,-0.009145659296971342,0.1746252287145187,0.08057871335190014,0.26242130610171505
US,US_10-20kHz__kurtosis,-0.45584840523303455,-0.028148682045812588,-0.24482609010724962,-0.3744155530165688,-0.4890153065511539,-0.24215132606472978,-0.1309137549548639,-0.49369434140442914,0.05730074898243535
US,US_10-20kHz__crest_factor,-0.5427678709943382,0.009551644197760278,-0.3594396101701165,-0.42342329244447785,-0.5505836210427599,-0.33836897566039803,-0.036722960313359,-0.37031832158439926,0.08870929503547789
US,US_10-20kHz__shape_factor,-0.33225222690502026,-0.015163256381491767,-0.12908520072958038,-0.26620740718764513,-0.42267116048632414,-0.09384802061750247,-0.15041923622920872,-0.5014566511373908,0.060251553032698836
US,US_10-20kHz__margin_factor,-0.4995721464242639,-0.002584720868770858,-0.2918614427108197,-0.38965643742880385,-0.5188266881031632,-0.28942674660018974,-0.09146507427902725,-0.461417297690258,0.06116648860637561
US,US_10-20kHz__mobility,-0.24121772799402486,0.7019062464966168,-0.5779212158304335,-0.09646675075102085,-0.28260127968408055,0.09675859681957279,0.7794299058887741,0.7412405393526453,0.7961898489747916
US,US_10-20kHz__complexity,0.0023481042710717928,0.5721026225438667,-0.3410492382775874,0.07462933561288922,-0.008736836315406005,0.2272795091868131,0.6090788505443745,0.4745577506398389,0.6905544099328638
US,US_10-20kHz__dominant_frequency,-0.11630061360327747,-0.0024478462031036438,-0.07269038572879157,-0.08640199157521238,-0.1323975949427877,-0.048070380136046094,0.01169425726170288,-0.08556240130993893,0.09530951546538087
US,US_10-20kHz__center_frequency,0.18049792487195745,-0.06436668799772179,0.16118820944121745,0.16352968989593678,0.12416552845618486,0.21436802662783855,-0.013050409188561473,-0.08600461520047038,0.10035522205940413
US,US_10-20kHz__spectral_bandwidth,0.1859769001031384,-0.07065982530009776,0.16916034554325654,0.16616283007288743,0.12535622799753413,0.22097112529028357,-0.01882888879741902,-0.09250008889724343,0.09277144138659361
US,US_10-20kHz__spectral_skewness,-0.1854158785873044,0.07060820590085318,-0.16862224218304334,-0.1659080784937315,-0.22022358401752345,-0.12512551174644562,0.019145673525173816,-0.09286188095918665,0.09241781591164158
US,US_10-20kHz__spectral_kurtosis,-0.18560932264515112,0.07058324695258635,-0.16878665669722961,-0.16603229430909705,-0.22058576108119934,-0.1252205672911153,0.018996506014636413,-0.09291503606998879,0.09230811859750579
US,US_10-20kHz__spectral_flatness,0.18320963666650197,-0.07033564341848958,0.16648540699868508,0.16495660997847703,0.12470766680121914,0.21692229876484587,-0.019234115639510423,-0.09107159868845854,0.09264779526674599
US,US_20-100kHz__rms,0.833369897755332,0.2057774747842483,0.49911054649429154,0.8609003269498527,0.7715116166178528,0.8957449676539646,0.6592659760060633,0.45870177919136057,0.7960789555228224
US,US_20-100kHz__skewness,-0.2215002405249618,0.09556193323056779,-0.23045007518439617,-0.16900083708669575,-0.2162170375025158,-0.11473986612530139,0.07940148752678253,0.046251597005603454,0.12203295971064951
US,US_20-100kHz__kurtosis,-0.2544753788216219,-0.11880053603904804,0.001042349186057227,-0.12105728780588772,-0.3451943202163718,-0.0021254219258803313,-0.4234011508378893,-0.7407786751199549,-0.06282400506802374
US,US_20-100kHz__crest_factor,-0.521838109014614,-0.19181008639062233,-0.19162066675646283,-0.40702580527802035,-0.5510291744463365,-0.21987237811211588,-0.4883514675896101,-0.7622377492180933,-0.16519278678811283
US,US_20-100kHz__shape_factor,-0.09802732621666156,-0.07429182459104722,0.11766740166986431,-0.022654134802496163,-0.16799396319703347,0.12215531847180691,-0.21163123300059627,-0.7062613246912535,0.0809410217256666
US,US_20-100kHz__margin_factor,-0.3618084031546674,-0.1556571246754138,-0.0577072793571581,-0.19127498456401992,-0.38123857647256104,-0.06864676977126774,-0.429369199052983,-0.7602986239647275,0.001333650044799333
US,US_20-100kHz__mobility,-0.6213364577807183,-0.1881937504380226,-0.41095533480579455,-0.6861049522776396,-0.7597521550327908,-0.6416217617055283,-0.4071294341924292,-0.4512454626846767,-0.35175374406948023
US,US_20-100kHz__complexity,-0.7461115315614486,-0.19759087725388472,-0.4130441795258777,-0.7247694212303925,-0.7936760214057592,-0.5633346575300429,-0.5198848079368172,-0.7634107386462904,-0.23295204032132202
US,US_20-100kHz__dominant_frequency,-0.22892018357251998,0.04049770629488098,-0.2669712188679976,-0.26838905065851765,-0.33733149712817,-0.19597428190272093,0.1394828130914716,0.09596758391611232,0.17158016202674525
US,US_20-100kHz__center_frequency,0.14673164779044598,-0.1331569410276115,0.1778734493201737,0.112373279126692,0.08348349859078907,0.16948676590601558,-0.06949084912253799,-0.1322843347061289,-0.007077423546943371
US,US_20-100kHz__spectral_bandwidth,0.26007749623671333,-0.11799091281655696,0.26708245838639777,0.22654576561437356,0.184397769651987,0.28473021654868036,-0.0718732015669373,-0.1178015686922107,0.017742510404423074
US,US_20-100kHz__spectral_skewness,-0.2554063096165957,0.11865965953721956,-0.26336940085851435,-0.22068624268117432,-0.27981140843839425,-0.18037530147537195,0.07225077024607515,-0.016940353226196428,0.11818209775353596
US,US_20-100kHz__spectral_kurtosis,-0.25650427643945806,0.11850241230070019,-0.2642514783173308,-0.22219896674401154,-0.2806943721991874,-0.18176974464652879,0.07224249916662076,-0.017001934947559572,0.11787723168492328
US,US_20-100kHz__spectral_flatness,0.24430067536533784,-0.1204994385580047,0.2551179312368358,0.211131246296413,0.17112329518763714,0.267889994967229,-0.07509848816296695,-0.1198613630723926,0.014628448770289815
