sensor,band,stat,type,marg_rpm,marg_temp,cond_rpm,cond_temp
AE,broadband,center_frequency,spec,-0.8291070538186547,-0.0935285584695993,-0.7976963837885052,-0.403302130319536
AE,broadband,complexity,cplx,0.825344657895659,0.1053298709742048,0.8190342623929708,0.4179625328143999
AE,broadband,crest_factor,shape,0.3893650505191688,-0.1865613485037386,0.3764863287463306,-0.322150683154217
AE,broadband,kurtosis,shape,0.369627571712306,-0.1851232207304848,0.3651250197877071,-0.4258247438382373
AE,broadband,margin_factor,shape,0.4995314290060677,-0.2069713589510797,0.4960233593361839,-0.3162334114533841
AE,broadband,mobility,cplx,-0.8300610885268567,-0.1535186904028497,-0.8113072375091878,-0.4681707351649494
AE,broadband,rms,amp,0.8659069700287784,0.0656682229285566,0.8610691526783089,0.2935192182093503
AE,broadband,shape_factor,shape,0.7355717931852307,-0.1485464553435113,0.7318102142312902,0.0216550006901462
AE,broadband,spectral_kurtosis,spec,0.4376533884065887,0.0849902430177621,0.3596928785110194,0.0716924412347713
AE,broadband,spectral_skewness,spec,0.5074952404831801,0.1021186573752655,0.407598210723704,0.0665782450950348
AE,20-500kHz,center_frequency,spec,-0.7996284058040345,-0.102442203845459,-0.807375102494736,-0.4383544541003377
AE,20-500kHz,complexity,cplx,0.6711525086853256,0.0530900367710979,0.6846549700243276,0.277422071458179
AE,20-500kHz,crest_factor,shape,0.2599896661477507,-0.108001453680312,0.2643894514268839,-0.2559995731765799
AE,20-500kHz,dominant_frequency,spec,-0.5640349439051004,-0.1826437538699834,-0.6150106658229849,-0.4343864339264683
AE,20-500kHz,margin_factor,shape,0.3589010967954392,-0.1449846109945792,0.3447741815335602,-0.2213373989182624
AE,20-500kHz,mobility,cplx,-0.8115290312423862,-0.1522189161651514,-0.8261483485958204,-0.5607400847125807
AE,20-500kHz,rms,amp,0.8658961009089029,0.0653357811474875,0.8594201406695327,0.2772749935337316
AE,20-500kHz,shape_factor,shape,0.5926305207710021,-0.1572312945810246,0.587625581223189,-0.1474813775312937
AE,20-500kHz,skewness,shape,-0.0352731835295792,0.2535272936994552,-0.0433737117923142,0.2116236823298654
AE,20-500kHz,spectral_bandwidth,spec,-0.2513975500471192,0.0543381626340572,-0.227531426838482,0.0043021756822805
AE,20-500kHz,spectral_flatness,spec,-0.2518418127554275,0.0451657378007591,-0.2442610960038029,0.0034009299584132
AE,20-500kHz,spectral_kurtosis,spec,0.4893237056659341,-0.0409996965009064,0.4382122393190579,0.0407215773092251
AE,20-500kHz,spectral_skewness,spec,0.5133177895770958,-0.0068656797114118,0.4394544399177278,0.0729161776790683
AE,500-1000kHz,center_frequency,spec,0.7457529700309914,-0.3241053899236522,0.7402555728063579,-0.3925934633016286
AE,500-1000kHz,complexity,cplx,-0.6893946192216274,0.1785995124977011,-0.6776351716618947,0.1485737929866086
AE,500-1000kHz,crest_factor,shape,0.6481272612004496,-0.1463076123945868,0.586738602923664,-0.0503674969226541
AE,500-1000kHz,dominant_frequency,spec,0.6306552785948765,-0.2569173355661646,0.6047256201846682,-0.2567448938773264
AE,500-1000kHz,kurtosis,shape,0.5854124230656197,-0.1105149414141819,0.4933670876610878,-0.0379070366874271
AE,500-1000kHz,margin_factor,shape,0.5971037637911576,-0.147492768701379,0.503239400666236,-0.0284813049094028
AE,500-1000kHz,mobility,cplx,0.8774744632889456,-0.3098836942044622,0.8905452333062519,-0.4972299750824288
AE,500-1000kHz,rms,amp,0.6052555395644615,-0.2043463441098073,0.6485987153684175,-0.1259429281275324
AE,500-1000kHz,shape_factor,shape,-0.3077768392541867,-0.0034617235244435,-0.2564300807238298,-0.0607300259198322
AE,500-1000kHz,skewness,shape,0.4950741266857855,-0.042838537082624,0.4437759670382092,0.0073131272333408
AE,500-1000kHz,spectral_bandwidth,spec,-0.1175759785963037,0.0378024549946772,-0.1327426246487209,0.0107097092925278
AE,500-1000kHz,spectral_kurtosis,spec,0.2665363396602179,-0.0748160663733562,0.2463106687766242,-0.0297645741879124
AE,500-1000kHz,spectral_skewness,spec,0.1773735627347093,-0.0405078215364955,0.1709656425905999,-0.0120907077131302
US,broadband,complexity,cplx,-0.317520726439651,0.3672526863613652,-0.3567296078298897,0.5565846902830647
US,broadband,crest_factor,shape,-0.6120278643635689,-0.0858639065136459,-0.5728103876209742,-0.5258334007910244
US,broadband,dominant_frequency,spec,0.1367372663849709,-0.2861126869324894,0.1159242329287713,-0.400468478072023
US,broadband,kurtosis,shape,-0.7603125840470497,-0.0659992418166872,-0.6998260549485921,-0.5275319389538142
US,broadband,margin_factor,shape,-0.5875469404489334,-0.0654245687182386,-0.5632915005562391,-0.4970499484518528
US,broadband,rms,amp,0.906070338556901,0.0864819858298613,0.909688094556012,0.6232244024646858
US,broadband,shape_factor,shape,-0.4896848240990664,-0.0386549381068188,-0.4933237224312054,-0.4306064575905207
US,broadband,skewness,shape,-0.2159282520062443,0.2317238330269423,-0.1681336705071793,0.1738895153050332
US,0-10kHz,crest_factor,shape,-0.5663583674583458,-0.0963839133156651,-0.5430028959960208,-0.5056376043353231
US,0-10kHz,dominant_frequency,spec,0.1368936927910075,-0.2852635551561449,0.1213864530712259,-0.4016781522386612
US,0-10kHz,kurtosis,shape,-0.7694217958992398,-0.0655433598522908,-0.7252186678350285,-0.5168517142419753
US,0-10kHz,margin_factor,shape,-0.5440453621076576,-0.0754400122756539,-0.5491648810981602,-0.4994383941956692
US,0-10kHz,mobility,cplx,-0.0271769871907877,-0.5930614828343043,-0.1594904353636269,-0.7938524264224355
US,0-10kHz,rms,amp,0.9047559276820244,0.0915797868822674,0.9103424121139458,0.6338606169512548
US,0-10kHz,shape_factor,shape,-0.4721931808825474,-0.0393718709282982,-0.4822387185970887,-0.4066133700648153
US,0-10kHz,skewness,shape,-0.2146056354582844,0.2055636815824834,-0.1846011154489163,0.1390510086099537
US,10-20kHz,center_frequency,spec,0.1804979248719574,-0.0643666879977217,0.1635296898959367,-0.0130504091885614
US,10-20kHz,complexity,cplx,0.0023481042710717,0.5721026225438667,0.0746293356128892,0.6090788505443745
US,10-20kHz,crest_factor,shape,-0.5427678709943382,0.0095516441977602,-0.4234232924444778,-0.036722960313359
US,10-20kHz,kurtosis,shape,-0.4558484052330345,-0.0281486820458125,-0.3744155530165688,-0.1309137549548639
US,10-20kHz,margin_factor,shape,-0.4995721464242639,-0.0025847208687708,-0.3896564374288038,-0.0914650742790272
US,10-20kHz,mobility,cplx,-0.2412177279940248,0.7019062464966168,-0.0964667507510208,0.7794299058887741
US,10-20kHz,rms,amp,0.8799405952359605,-0.0425496749916737,0.8530811675268958,0.0846351299188693
US,10-20kHz,shape_factor,shape,-0.3322522269050202,-0.0151632563814917,-0.2662074071876451,-0.1504192362292087
US,10-20kHz,spectral_bandwidth,spec,0.1859769001031384,-0.0706598253000977,0.1661628300728874,-0.018828888797419
US,10-20kHz,spectral_flatness,spec,0.1832096366665019,-0.0703356434184895,0.164956609978477,-0.0192341156395104
US,20-100kHz,center_frequency,spec,0.1467316477904459,-0.1331569410276115,0.112373279126692,-0.0694908491225379
US,20-100kHz,complexity,cplx,-0.7461115315614486,-0.1975908772538847,-0.7247694212303925,-0.5198848079368172
US,20-100kHz,crest_factor,shape,-0.521838109014614,-0.1918100863906223,-0.4070258052780203,-0.4883514675896101
US,20-100kHz,dominant_frequency,spec,-0.2289201835725199,0.0404977062948809,-0.2683890506585176,0.1394828130914716
US,20-100kHz,mobility,cplx,-0.6213364577807183,-0.1881937504380226,-0.6861049522776396,-0.4071294341924292
US,20-100kHz,rms,amp,0.833369897755332,0.2057774747842483,0.8609003269498527,0.6592659760060633
US,20-100kHz,spectral_bandwidth,spec,0.2600774962367133,-0.1179909128165569,0.2265457656143735,-0.0718732015669373
US,20-100kHz,spectral_flatness,spec,0.2443006753653378,-0.1204994385580047,0.211131246296413,-0.0750984881629669
US,20-100kHz,spectral_skewness,spec,-0.2554063096165957,0.1186596595372195,-0.2206862426811743,0.0722507702460751
